BLA00,20230515,COA,19
BLA00,20230515,COA,28
BLA00,20230515,COA,30
BLA00,20230515,AHiAL,51
BLA00,20230515,COA,60
BLA00,20230515,AHiAL,75
BLA00,20230515,COA,80
BLA00,20230515,COA,81
BLA00,20230515,COA,83
BLA00,20230515,COA,86
BLA00,20230515,COA,92
BLA00,20230515,COA,113
BLA00,20230515,COA,117
BLA00,20230515,AHiAL,121
BLA00,20230515,AHiAL,131
BLA00,20230515,AHiAL,138
BLA00,20230515,AHiAL,145
BLA00,20230515,AHiAL,146
BLA00,20230515,AHiAL,147
BLA00,20230515,COA,158
BLA00,20230515,COA,160
BLA00,20230515,COA,163
BLA00,20230515,AHiAL,165
BLA00,20230515,COA,168
BLA00,20230515,COA,169
BLA00,20230515,COA,175
BLA00,20230515,COA,176
BLA00,20230515,COA,177
BLA00,20230515,AHiAL,178
BLA00,20230515,AHiAL,180
BLA00,20230515,COA,182
BLA00,20230515,COA,184
BLA00,20230515,COA,185
BLA00,20230515,COA,189
BLA00,20230515,COA,190
BLA00,20230515,COA,193
BLA00,20230515,AHiAL,197
BLA00,20230515,AHiAL,200
BLA00,20230515,AHiAL,202
BLA00,20230515,AHiAL,203
BLA00,20230515,COA,208
BLA00,20230515,COA,210
BLA00,20230515,COA,212
BLA00,20230515,COA,214
BLA00,20230515,COA,215
BLA00,20230515,COA,216
BLA00,20230515,COA,217
BLA00,20230515,COA,218
BLA00,20230515,AHiAL,219
BLA00,20230515,COA,220
BLA03,20231011,MEA,8
BLA03,20231011,MEA,10
BLA03,20231011,MEA,13
BLA03,20231011,MEA,31
BLA03,20231011,MEA,35
BLA03,20231011,BNST,38
BLA03,20231011,BNST,39
BLA03,20231011,BNST,40
BLA03,20231011,BNST,42
BLA03,20231011,BNST,45
BLA03,20231011,MEA,47
BLA03,20231011,MEA,49
BLA03,20231011,MEA,67
BLA03,20231011,MEA,70
BLA03,20231011,BNST,75
BLA03,20231011,BNST,76
BLA03,20231011,MEA,89
BLA03,20231011,MEA,90
BLA03,20231011,MEA,92
BLA03,20231011,MEA,93
BLA03,20231011,BNST,94
BLA03,20231011,BNST,95
BLA03,20231011,BNST,96
BLA03,20231011,BNST,97
BLA03,20231011,BNST,101
BLA03,20231011,BNST,102
BLA03,20231011,MEA,106
BLA03,20231011,MEA,107
BLA03,20231011,BNST,108
BLA03,20231011,BNST,112
BLA03,20231011,BNST,119
BLA03,20231011,BNST,133
BLA03,20231011,BNST,135
BLA03,20231011,BNST,143
BLA03,20231011,BNST,147
BLA03,20231011,MEA,149
BLA04,20231024,PIR,11
BLA04,20231024,BLA,16
BLA04,20231024,BLA,18
BLA04,20231024,BLA,20
BLA04,20231024,COA,31
BLA04,20231024,COA,32
BLA04,20231024,COA,38
BLA04,20231024,COA,41
BLA04,20231024,COA,43
BLA04,20231024,BLA,45
BLA04,20231024,BLA,47
BLA04,20231024,BLA,48
BLA04,20231024,BLA,52
BLA04,20231024,BLA,56
BLA04,20231024,BLA,61
BLA04,20231024,BLA,65
BLA04,20231024,COA,69
BLA04,20231024,COA,72
BLA04,20231024,COA,75
BLA04,20231024,COA,77
BLA04,20231024,COA,78
BLA04,20231024,BLA,82
BLA04,20231024,COA,106
BLA04,20231024,COA,107
BLA04,20231024,COA,110
BLA04,20231024,COA,118
BLA04,20231024,COA,119
BLA04,20231024,COA,124
BLA04,20231024,COA,126
BLA04,20231024,COA,135
BLA04,20231024,COA,138
BLA04,20231024,COA,141
BLA04,20231024,COA,143
BLA04,20231024,COA,144
BLA04,20231024,COA,148
BLA04,20231024,COA,150
BLA04,20231024,COA,157
BLA04,20231024,COA,159
BLA04,20231024,COA,160
BLA04,20231024,COA,162
BLA04,20231024,COA,164
BLA04,20231024,COA,165
BLA04,20231024,COA,169
BLA04,20231024,COA,172
BLA04,20231024,COA,173
BLA04,20231024,COA,175
BLA04,20231024,COA,181
BLA04,20231024,COA,185
BLA04,20231024,COA,186
BLA04,20231024,COA,187
BLA04,20231024,COA,190
BLA04,20231024,COA,194
BLA04,20231024,COA,198
BLA04,20231024,COA,205
BLA04,20231024,COA,206
BLA04,20231024,COA,207
BLA04,20231024,BLA,212
BLA04,20231024,BLA,214
BLA04,20231024,COA,216
BLA04,20231024,COA,218
BLA04,20231024,BLA,221
BLA04,20231024,BLA,224
BLA04,20231024,COA,225
BLA04,20231024,COA,226
BLA04,20231024,COA,228
BLA04,20231024,COA,245
BLA04,20231024,COA,247
BLA04,20231024,COA,250
BLA04,20231024,PIR,253
BLA04,20231024,COA,260
BLA04,20231024,PIR,264
BLA04,20231024,COA,265
BLA04,20231024,COA,267
BLA04,20231024,BLA,269
BLA04,20231024,PIR,271
BLA04,20231024,BLA,277
BLA04,20231024,BLA,279
BLA04,20231024,COA,281
BLA04,20231024,COA,286
BLA04,20231024,COA,289
BLA04,20231024,BLA,291
BLA04,20231024,COA,303
BLA04,20231024,COA,305
BLA04,20231024,COA,310
BLA04,20231024,COA,317
BLA04,20231024,COA,319
BLA04,20231024,COA,322
BLA04,20231024,BLA,323
BLA04,20231024,COA,327
BLA04,20231024,BLA,331
BLA04,20231024,BLA,335
BLA04,20231024,COA,337
BLA04,20231024,COA,339
BLA04,20231024,COA,341
BLA04,20231024,COA,343
BLA04,20231024,COA,349
BLA04,20231024,PIR,353
BLA04,20231030,BLA,8
BLA04,20231030,BLA,14
BLA04,20231030,BLA,18
BLA04,20231030,BLA,19
BLA04,20231030,BLA,20
BLA04,20231030,BLA,22
BLA04,20231030,BLA,27
BLA04,20231030,BLA,33
BLA04,20231030,BLA,37
BLA04,20231030,BLA,38
BLA04,20231030,BLA,41
BLA04,20231030,BLA,44
BLA04,20231030,BLA,60
BLA04,20231030,BLA,61
BLA04,20231030,BLA,67
BLA04,20231030,BLA,68
BLA04,20231030,BLA,71
BLA04,20231030,BLA,77
BLA04,20231030,BLA,80
BLA04,20231030,BLA,82
BLA04,20231030,BLA,95
BLA04,20231030,BLA,101
BLA04,20231030,BLA,105
BLA04,20231030,BLA,106
BLA04,20231030,BLA,112
BLA04,20231030,BLA,114
BLA04,20231030,BLA,118
BLA04,20231030,BLA,122
BLA04,20231030,BLA,125
BLA04,20231030,BLA,127
BLA04,20231030,BLA,128
BLA04,20231030,BLA,129
BLA04,20231030,BLA,132
BLA04,20231030,BLA,141
BLA04,20231030,BLA,144
BLA04,20231030,BLA,148
BLA04,20231030,BLA,149
BLA04,20231030,LA,158
BLA04,20231030,LA,159
BLA04,20231030,BLA,166
BLA04,20231030,BLA,172
BLA04,20231030,BLA,179
BLA04,20231030,BLA,180
BLA04,20231030,BLA,186
BLA04,20231030,BLA,189
BLA04,20231030,BLA,190
BLA04,20231030,BLA,204
BLA04,20231030,LA,208
BLA04,20231030,BLA,210
BLA04,20231030,BLA,212
BLA04,20231030,BLA,216
BLA04,20231030,BLA,222
BLA04,20231030,BLA,232
BLA04,20231030,BLA,234
BLA04,20231030,BLA,238
BLA04,20231030,COA,240
BLA04,20231030,BLA,242
BLA04,20231030,COA,246
BLA04,20231030,BLA,250
BLA04,20231030,BLA,254
BLA04,20231030,LA,256
BLA04,20231030,BLA,258
BLA04,20231030,BLA,260
BLA04,20231030,BLA,261
BLA04,20231030,BLA,262
BLA04,20231030,BLA,263
BLA04,20231030,BLA,264
BLA04,20231030,BLA,266
BLA07,20231121,PIR,2
BLA07,20231121,PIR,4
BLA07,20231121,PIR,11
BLA07,20231121,PIR,15
BLA07,20231121,PIR,16
BLA07,20231121,PIR,19
BLA07,20231121,PIR,23
BLA07,20231121,PIR,25
BLA07,20231121,PIR,26
BLA07,20231121,PIR,29
BLA07,20231121,PIR,30
BLA07,20231121,PIR,36
BLA07,20231121,PIR,37
BLA07,20231121,PIR,40
BLA07,20231121,PIR,41
BLA07,20231121,PIR,48
BLA07,20231121,PIR,49
BLA07,20231121,PIR,52
BLA07,20231121,PIR,54
BLA07,20231121,PIR,57
BLA07,20231121,PIR,63
BLA07,20231121,PIR,65
BLA07,20231121,PIR,66
BLA07,20231121,PIR,71
BLA07,20231121,PIR,73
BLA07,20231121,PIR,74
BLA07,20231121,PIR,76
BLA07,20231121,PIR,81
BLA07,20231121,ENDO,90
BLA07,20231121,ENDO,92
BLA07,20231121,ENDO,93
BLA07,20231121,ENDO,104
BLA07,20231121,PIR,107
BLA07,20231121,PIR,110
BLA07,20231121,PIR,112
BLA07,20231121,PIR,113
BLA07,20231121,PIR,115
BLA07,20231121,PIR,117
BLA07,20231121,PIR,118
BLA07,20231121,PIR,119
BLA07,20231121,PIR,120
BLA07,20231121,PIR,121
BLA07,20231121,PIR,127
BLA07,20231121,PIR,132
BLA07,20231121,PIR,133
BLA07,20231121,PIR,135
BLA07,20231121,PIR,136
BLA07,20231121,PIR,137
BLA07,20231121,PIR,139
BLA07,20231121,PIR,141
BLA07,20231121,ENDO,143
BLA07,20231121,PIR,154
BLA07,20231121,PIR,157
BLA07,20231121,PIR,158
BLA07,20231121,PIR,159
BLA07,20231121,ENDO,163
BLA07,20231121,ENDO,165
BLA07,20231121,ENDO,167
BLA07,20231121,ENDO,177
BLA07,20231121,ENDO,187
BLA07,20231121,ENDO,189
BLA07,20231121,ENDO,196
BLA07,20231121,ENDO,201
BLA07,20231121,PIR,205
BLA07,20231121,PIR,206
BLA07,20231121,PIR,207
BLA07,20231121,PIR,209
BLA07,20231121,PIR,210
BLA07,20231121,PIR,211
BLA07,20231121,PIR,212
BLA07,20231121,PIR,214
BLA07,20231121,PIR,216
BLA07,20231121,PIR,219
BLA07,20231121,PIR,221
BLA07,20231121,PIR,222
BLA07,20231121,PIR,223
BLA07,20231121,PIR,225
BLA07,20231121,PIR,226
BLA07,20231121,PIR,228
BLA07,20231121,PIR,229
BLA07,20231121,PIR,230
BLA07,20231121,PIR,231
BLA07,20231121,PIR,232
BLA07,20231121,PIR,234
BLA07,20231121,PIR,236
BLA07,20231121,PIR,237
BLA07,20231121,ENDO,242
BLA07,20231121,ENDO,243
BLA07,20231121,ENDO,244
BLA07,20231121,ENDO,245
BLA07,20231121,PIR,247
BLA07,20231121,PIR,249
BLA07,20231121,PIR,250
BLA07,20231121,PIR,253
BLA07,20231121,PIR,254
BLA07,20231121,PIR,255
BLA07,20231121,PIR,256
BLA07,20231121,PIR,258
BLA07,20231121,PIR,259
BLA07,20231121,PIR,260
BLA07,20231121,PIR,262
BLA07,20231121,PIR,264
BLA07,20231121,PIR,265
BLA07,20231121,ENDO,269
BLA07,20231121,ENDO,271
BLA07,20231121,ENDO,272
BLA07,20231121,ENDO,273
BLA07,20231121,ENDO,275
BLA07,20231121,ENDO,276
BLA07,20231121,ENDO,280
BLA07,20231121,ENDO,282
BLA07,20231121,PIR,287
BLA07,20231121,PIR,288
BLA07,20231121,PIR,290
BLA07,20231121,PIR,291
BLA07,20231121,PIR,293
BLA07,20231121,PIR,294
BLA07,20231121,PIR,295
BLA07,20231121,PIR,296
BLA07,20231121,PIR,300
BLA07,20231121,PIR,302
BLA07,20231121,PIR,303
BLA07,20231121,PIR,304
BLA07,20231121,ENDO,307
BLA07,20231121,ENDO,310
BLA07,20231121,PIR,315
BLA07,20231121,PIR,318
BLA07,20231121,PIR,319
BLA07,20231121,ENDO,320
BLA07,20231121,PIR,321
BLA07,20231121,PIR,322
BLA07,20231121,PIR,328
BLA07,20231121,PIR,333
BLA07,20231121,PIR,335
BLA07,20231121,PIR,336
BLA07,20231121,PIR,339
BLA07,20231121,PIR,340
BLA07,20231121,PIR,343
BLA07,20231121,ENDO,345
BLA07,20231121,PIR,349
BLA07,20231121,PIR,353
BLA07,20231121,PIR,355
BLA07,20231121,PIR,357
BLA07,20231122,ENDO,6
BLA07,20231122,ENDO,7
BLA07,20231122,ENDO,11
BLA07,20231122,ENDO,12
BLA07,20231122,LA,17
BLA07,20231122,LA,19
BLA07,20231122,ENDO,21
BLA07,20231122,PrH,22
BLA07,20231122,LA,32
BLA07,20231122,LA,42
BLA07,20231122,PIR,46
BLA07,20231122,PIR,49
BLA07,20231122,PIR,51
BLA07,20231122,PIR,55
BLA07,20231122,ENDO,60
BLA07,20231122,ENDO,61
BLA07,20231122,ENDO,83
BLA07,20231122,ENDO,84
BLA07,20231122,ENDO,88
BLA07,20231122,PrH,94
BLA07,20231122,PrH,97
BLA07,20231122,LA,99
BLA07,20231122,PIR,104
BLA07,20231122,PIR,105
BLA07,20231122,PIR,107
BLA07,20231122,ENDO,109
BLA07,20231122,ENDO,110
BLA07,20231122,ENDO,112
BLA07,20231122,PrH,116
BLA07,20231122,PrH,117
BLA07,20231122,PrH,119
BLA07,20231122,ENDO,122
BLA07,20231122,LA,126
BLA07,20231122,PrH,130
BLA07,20231122,LA,137
BLA07,20231122,LA,139
BLA07,20231122,PrH,141
BLA07,20231122,ENDO,142
BLA09,20231107,PIR,5
BLA09,20231107,PIR,6
BLA09,20231107,PIR,8
BLA09,20231107,PIR,22
BLA09,20231107,PIR,25
BLA09,20231107,PIR,29
BLA09,20231107,PIR,32
BLA09,20231107,PIR,33
BLA09,20231107,PIR,36
BLA09,20231107,PIR,38
BLA09,20231107,PIR,41
BLA09,20231107,PIR,44
BLA09,20231107,PIR,49
BLA09,20231107,PIR,55
BLA09,20231107,PIR,56
BLA09,20231107,PIR,57
BLA09,20231107,PIR,58
BLA09,20231107,PIR,59
BLA09,20231107,PIR,60
BLA09,20231107,PIR,64
BLA09,20231107,PIR,66
BLA09,20231107,PIR,69
BLA09,20231107,PIR,71
BLA09,20231107,PIR,74
BLA09,20231107,PIR,78
BLA09,20231107,PIR,83
BLA09,20231107,PIR,87
BLA09,20231107,PIR,94
BLA09,20231107,PIR,98
BLA09,20231107,PIR,99
BLA09,20231107,PIR,100
BLA09,20231107,PIR,108
BLA09,20231107,PIR,109
BLA09,20231107,PIR,111
BLA09,20231107,PIR,112
BLA09,20231107,PIR,113
BLA09,20231107,PIR,114
BLA09,20231107,PIR,116
BLA09,20231107,PIR,120
BLA09,20231107,PIR,129
BLA09,20231107,PIR,130
BLA09,20231107,PIR,131
BLA09,20231107,PIR,132
BLA09,20231107,PIR,134
BLA09,20231107,ENDO,141
BLA09,20231107,ENDO,148
BLA09,20231107,PIR,165
BLA09,20231107,PIR,169
BLA09,20231107,PIR,172
BLA09,20231107,PIR,173
BLA09,20231107,PIR,182
BLA09,20231107,PIR,183
BLA09,20231107,PIR,188
BLA09,20231107,PIR,189
BLA09,20231107,PIR,191
BLA09,20231107,PIR,193
BLA09,20231107,PIR,195
BLA09,20231107,PIR,197
BLA09,20231107,PIR,199
BLA09,20231107,PIR,201
BLA09,20231107,PIR,205
BLA09,20231107,PIR,209
BLA09,20231107,PIR,213
BLA09,20231107,PIR,214
BLA09,20231107,PIR,216
BLA09,20231107,PIR,223
BLA09,20231107,PIR,234
BLA09,20231107,PIR,236
BLA09,20231107,PIR,238
BLA09,20231107,PIR,240
BLA09,20231107,PIR,242
BLA09,20231107,PIR,258
BLA09,20231107,PIR,259
BLA09,20231107,PIR,263
BLA09,20231107,PIR,264
BLA09,20231107,PIR,265
BLA09,20231107,PIR,269
BLA09,20231107,PIR,270
BLA09,20231107,PIR,277
BLA09,20231107,PIR,279
BLA09,20231107,PIR,281
BLA09,20231107,PIR,287
BLA09,20231107,PIR,289
BLA09,20231107,PIR,293
BLA09,20231107,PIR,296
BLA09,20231107,PIR,297
BLA09,20231107,PIR,298
BLA09,20231107,PIR,301
BLA09,20231107,PIR,302
BLA09,20231107,PIR,303
BLA09,20231107,PIR,308
BLA09,20231107,PIR,310
BLA09,20231107,PIR,311
BLA09,20231107,PIR,313
BLA09,20231107,PIR,320
BLA09,20231107,PIR,321
BLA09,20231107,PIR,322
BLA09,20231107,PIR,328
BLA09,20231107,PIR,329
BLA09,20231107,PIR,330
BLA09,20231107,PIR,335
BLA09,20231107,PIR,336
BLA09,20231107,PIR,338
BLA09,20231107,PIR,349
BLA09,20231107,PIR,350
BLA09,20231107,PIR,352
BLA09,20231107,PIR,354
BLA09,20231107,PIR,356
BLA09,20231107,PIR,357
BLA09,20231107,PIR,358
BLA09,20231107,PIR,359
BLA09,20231107,PIR,365
BLA09,20231107,PIR,368
BLA09,20231107,PIR,369
BLA09,20231107,PIR,373
BLA09,20231107,PIR,377
BLA09,20231107,PIR,379
BLA09,20231107,PIR,382
BLA09,20231107,PIR,384
BLA09,20231107,ENDO,387
BLA09,20231107,ENDO,388
BLA09,20231107,ENDO,389
BLA09,20231107,ENDO,391
BLA09,20231107,ENDO,392
BLA09,20231107,ENDO,393
BLA09,20231107,ENDO,395
BLA09,20231107,ENDO,396
BLA09,20231107,ENDO,397
BLA09,20231107,ENDO,406
BLA09,20231107,ENDO,408
BLA09,20231107,ENDO,409
BLA09,20231107,ENDO,410
BLA09,20231107,PIR,414
BLA09,20231107,PIR,415
BLA09,20231107,PIR,416
BLA09,20231107,PIR,417
BLA09,20231107,PIR,418
BLA09,20231107,PIR,420
BLA09,20231107,PIR,422
BLA09,20231107,PIR,426
BLA09,20231107,PIR,429
BLA09,20231107,PIR,432
BLA09,20231107,PIR,434
BLA09,20231107,PIR,435
BLA09,20231107,PIR,438
BLA09,20231107,PIR,440
BLA09,20231107,PIR,442
BLA09,20231107,ENDO,447
BLA09,20231107,PIR,448
BLA09,20231107,PIR,452
BLA09,20231107,PIR,453
BLA09,20231107,PIR,460
BLA09,20231107,PIR,463
BLA09,20231107,PIR,465
BLA09,20231107,PIR,467
BLA09,20231107,PIR,469
BLA09,20231107,PIR,481
BLA09,20231107,PIR,482
BLA09,20231107,PIR,483
BLA09,20231107,PIR,486
BLA09,20231107,PIR,488
BLA09,20231107,PIR,490
BLA09,20231107,PIR,491
BLA09,20231107,PIR,494
BLA09,20231107,PIR,495
BLA09,20231107,ENDO,496
BLA09,20231107,ENDO,497
BLA09,20231107,ENDO,499
BLA09,20231107,ENDO,503
BLA09,20231107,PIR,506
BLA09,20231107,PIR,509
BLA09,20231107,PIR,510
BLA09,20231107,PIR,517
BLA09,20231107,PIR,518
BLA09,20231107,PIR,519
BLA09,20231107,PIR,523
BLA09,20231107,PIR,525
BLA09,20231107,PIR,526
BLA09,20231107,PIR,527
BLA09,20231107,PIR,528
BLA09,20231107,PIR,530
BLA09,20231107,PIR,532
BLA09,20231107,PIR,537
BLA09,20231107,PIR,543
BLA09,20231107,PIR,544
BLA09,20231107,PIR,548
BLA09,20231107,PIR,549
BLA09,20231107,PIR,557
BLA09,20231107,PIR,558
BLA09,20231107,PIR,559
BLA09,20231107,PIR,562
BLA09,20231107,PIR,565
BLA09,20231107,PIR,566
BLA09,20231107,PIR,567
BLA09,20231107,PIR,568
BLA09,20231107,PIR,569
BLA09,20231107,PIR,573
BLA09,20231107,PIR,575
BLA09,20231107,PIR,579
BLA09,20231107,PIR,581
BLA09,20231107,PIR,582
BLA09,20231107,PIR,586
BLA09,20231107,PIR,589
BLA09,20231107,PIR,591
BLA09,20231107,PIR,596
BLA09,20231107,PIR,600
BLA09,20231107,PIR,603
BLA09,20231107,PIR,604
BLA09,20231107,PIR,606
BLA09,20231107,PIR,608
BLA09,20231107,ENDO,610
BLA09,20231107,PIR,611
BLA09,20231107,ENDO,614
BLA09,20231107,ENDO,615
BLA09,20231107,PIR,618
BLA09,20231107,PIR,619
BLA09,20231107,PIR,621
BLA09,20231107,PIR,623
BLA09,20231107,PIR,624
BLA09,20231107,PIR,627
BLA09,20231107,PIR,629
BLA09,20231107,PIR,630
BLA09,20231107,PIR,632
BLA09,20231107,PIR,634
BLA09,20231107,PIR,636
BLA09,20231107,PIR,638
BLA09,20231107,PIR,639
BLA09,20231107,PIR,640
BLA09,20231107,ENDO,641
BLA09,20231107,ENDO,642
BLA09,20231107,ENDO,644
BLA09,20231107,PIR,645
BLA09,20231107,PIR,646
BLA09,20231107,PIR,647
BLA09,20231107,PIR,649
BLA09,20231107,PIR,651
BLA09,20231107,PIR,654
BLA09,20231107,PIR,657
BLA09,20231107,PIR,661
BLA09,20231107,PIR,662
BLA09,20231107,PIR,664
BLA09,20231107,PIR,666
BLA09,20231107,PIR,670
BLA09,20231107,PIR,672
BLA09,20231107,PIR,673
BLA09,20231107,PIR,674
BLA09,20231107,PIR,675
BLA09,20231107,ENDO,676
BLA09,20231107,PIR,677
BLA09,20231107,PIR,678
BLA09,20231107,PIR,680
BLA09,20231107,PIR,681
BLA09,20231107,PIR,684
BLA09,20231107,PIR,688
BLA09,20231107,PIR,695
BLA09,20231107,PIR,699
BLA09,20231107,PIR,711
BLA09,20231107,PIR,717
BLA09,20231107,PIR,719
BLA09,20231107,ENDO,721
BLA09,20231107,PIR,723
BLA09,20231107,ENDO,725
BLA09,20231107,ENDO,726
BLA09,20231107,PIR,733
BLA09,20231107,PIR,739
BLA09,20231107,PIR,745
BLA09,20231107,PIR,751
BLA09,20231107,PIR,762
BLA09,20231107,PIR,767
BLA09,20231107,PIR,773
BLA09,20231107,PIR,775
BLA09,20231107,PIR,777
BLA09,20231107,PIR,781
BLA09,20231107,PIR,785
BLA09,20231107,PIR,791
BLA09,20231107,PIR,793
BLA09,20231107,PIR,795
BLA09,20231107,PIR,799
BLA09,20231107,PIR,803
BLA09,20231107,PIR,805
BLA09,20231107,PIR,809
BLA09,20231107,PIR,811
BLA09,20231107,ENDO,813
BLA09,20231107,PIR,815
BLA09,20231107,PIR,821
BLA09,20231107,PIR,823
BLA09,20231107,PIR,825
BLA09,20231107,PIR,827
BLA09,20231107,PIR,829
BLA09,20231107,PIR,837
BLA09,20231107,PIR,843
BLA09,20231107,PIR,847
BLA09,20231107,PIR,849
BLA09,20231107,PIR,853
BLA09,20231107,PIR,855
BLA09,20231107,PIR,857
BLA09,20231107,PIR,859
BLA09,20231107,PIR,861
BLA09,20231107,PIR,865
BLA09,20231107,PIR,867
BLA09,20231107,PIR,868
BLA09,20231107,PIR,869
BLA09,20231107,PIR,871
BLA09,20231107,PIR,873
BLA09,20231107,PIR,875
BLA09,20231107,PIR,876
BLA09,20231107,PIR,877
BLA09,20231107,PIR,879
BLA09,20231107,PIR,883
BLA09,20231107,PIR,885
BLA09,20231107,PIR,889
BLA09,20231107,PIR,891
BLA09,20231107,PIR,893
BLA09,20231107,PIR,895
BLA09,20231107,PIR,899
BLA09,20231107,PIR,905
BLA09,20231107,PIR,907
BLA09,20231107,PIR,912
BLA09,20231107,PIR,917
BLA09,20231107,PIR,919
BLA09,20231107,PIR,927
BLA09,20231107,PIR,930
BLA09,20231107,PIR,931
BLA09,20231107,ENDO,932
BLA09,20231107,PIR,934
BLA09,20231107,ENDO,935
BLA09,20231115,ENDO,8
BLA09,20231115,ENDO,12
BLA09,20231115,ENDO,13
BLA09,20231115,ENDO,16
BLA09,20231115,ENDO,17
BLA09,20231115,ENDO,26
BLA09,20231115,ENDO,36
BLA09,20231115,ENDO,37
BLA09,20231115,ENDO,39
BLA09,20231115,PrH,40
BLA09,20231115,ENDO,44
BLA09,20231115,ENDO,49
BLA09,20231115,PrH,51
BLA09,20231115,PrH,52
BLA09,20231115,PIR,55
BLA09,20231115,PIR,60
BLA09,20231115,ENDO,64
BLA09,20231115,ENDO,65
BLA09,20231115,PIR,69
BLA09,20231115,PIR,70
BLA09,20231115,PIR,76
BLA09,20231115,ENDO,105
BLA09,20231115,PrH,109
BLA09,20231115,PIR,110
BLA09,20231115,PIR,111
BLA09,20231115,ENDO,113
BLA09,20231115,PIR,116
BLA09,20231115,ENDO,122
BLA09,20231115,ENDO,123
BLA09,20231115,ENDO,124
BLA09,20231115,ENDO,125
BLA09,20231115,ENDO,126
BLA09,20231115,INS,131
BLA09,20231115,PrH,132
BLA09,20231115,ENDO,138
BLA09,20231115,PIR,140
BLA09,20231115,PIR,142
BLA09,20231115,PrH,145
BLA10,20231205,PIR,8
BLA10,20231205,PIR,10
BLA10,20231205,PIR,11
BLA10,20231205,PIR,12
BLA10,20231205,PIR,15
BLA10,20231205,PIR,16
BLA10,20231205,PIR,18
BLA10,20231205,PIR,20
BLA10,20231205,PIR,28
BLA10,20231205,PIR,29
BLA10,20231205,PIR,34
BLA10,20231205,PIR,38
BLA10,20231205,PIR,39
BLA10,20231205,PIR,40
BLA10,20231205,PIR,42
BLA10,20231205,PIR,47
BLA10,20231205,PIR,48
BLA10,20231205,PIR,50
BLA10,20231205,PIR,52
BLA10,20231205,PIR,59
BLA10,20231205,PIR,64
BLA10,20231205,PIR,67
BLA10,20231205,PIR,70
BLA10,20231205,PIR,71
BLA10,20231205,PIR,74
BLA10,20231205,PIR,75
BLA10,20231205,PIR,78
BLA10,20231205,PIR,82
BLA10,20231205,PIR,86
BLA10,20231205,PIR,88
BLA10,20231205,PIR,93
BLA10,20231205,PIR,96
BLA10,20231205,PIR,100
BLA10,20231205,PIR,104
BLA10,20231205,PIR,107
BLA10,20231205,PIR,108
BLA10,20231205,PIR,110
BLA10,20231205,PIR,112
BLA10,20231205,PIR,115
BLA10,20231205,PIR,116
BLA10,20231205,PIR,117
BLA10,20231205,PIR,119
BLA10,20231205,PIR,121
BLA10,20231205,PIR,122
BLA10,20231205,PIR,125
BLA10,20231205,PIR,131
BLA10,20231205,PIR,135
BLA10,20231205,PIR,136
BLA10,20231205,PIR,141
BLA10,20231205,PIR,142
BLA10,20231205,PIR,151
BLA10,20231205,PIR,154
BLA10,20231205,PIR,160
BLA10,20231205,PIR,165
BLA10,20231205,PIR,173
BLA10,20231205,PIR,176
BLA10,20231205,PIR,182
BLA10,20231205,ENDO,187
BLA10,20231205,ENDO,188
BLA10,20231205,ENDO,190
BLA10,20231205,ENDO,192
BLA10,20231205,PIR,197
BLA10,20231205,PIR,202
BLA10,20231205,PIR,206
BLA10,20231205,PIR,207
BLA10,20231205,PIR,211
BLA10,20231205,ENDO,221
BLA10,20231205,ENDO,222
BLA10,20231205,ENDO,229
BLA10,20231205,ENDO,230
BLA10,20231205,ENDO,234
BLA10,20231205,PIR,237
BLA10,20231205,PIR,239
BLA10,20231205,PIR,240
BLA10,20231205,PIR,241
BLA10,20231205,PIR,244
BLA10,20231205,PIR,247
BLA10,20231205,PIR,249
BLA10,20231205,PIR,250
BLA10,20231205,PIR,251
BLA10,20231205,PIR,254
BLA10,20231205,PIR,257
BLA10,20231205,PIR,258
BLA10,20231205,PIR,259
BLA10,20231205,PIR,261
BLA10,20231205,PIR,263
BLA10,20231205,PIR,265
BLA10,20231205,PIR,266
BLA10,20231205,PIR,267
BLA10,20231205,PIR,269
BLA10,20231205,PIR,277
BLA10,20231205,PIR,278
BLA10,20231205,PIR,283
BLA10,20231205,PIR,286
BLA10,20231205,PIR,290
BLA10,20231205,PIR,291
BLA10,20231205,PIR,293
BLA10,20231205,PIR,301
BLA10,20231205,PIR,304
BLA10,20231205,PIR,307
BLA10,20231205,PIR,310
BLA10,20231205,PIR,313
BLA10,20231205,PIR,317
BLA10,20231205,PIR,320
BLA10,20231205,PIR,321
BLA10,20231205,ENDO,326
BLA10,20231205,ENDO,328
BLA10,20231205,PIR,330
BLA10,20231205,PIR,332
BLA10,20231205,ENDO,337
BLA10,20231205,ENDO,338
BLA10,20231205,ENDO,340
BLA10,20231205,ENDO,341
BLA10,20231205,PIR,344
BLA10,20231205,PIR,348
BLA10,20231205,PIR,349
BLA10,20231205,PIR,350
BLA10,20231205,PIR,352
BLA10,20231205,PIR,353
BLA10,20231205,PIR,356
BLA10,20231205,PIR,359
BLA10,20231205,PIR,364
BLA10,20231205,PIR,368
BLA10,20231205,ENDO,370
BLA10,20231205,ENDO,373
BLA10,20231205,PIR,374
BLA10,20231205,PIR,378
BLA10,20231205,PIR,382
BLA10,20231205,PIR,384
BLA10,20231205,ENDO,386
BLA10,20231205,ENDO,387
BLA10,20231205,PIR,390
BLA10,20231205,PIR,391
BLA10,20231205,ENDO,394
BLA10,20231205,PIR,398
BLA10,20231205,PIR,401
BLA10,20231205,PIR,402
BLA10,20231205,PIR,404
BLA10,20231205,PIR,406
BLA10,20231205,PIR,410
BLA10,20231205,PIR,416
BLA10,20231205,PIR,424
BLA10,20231205,PIR,430
BLA10,20231205,PIR,434
BLA10,20231205,PIR,436
BLA10,20231205,PIR,440
BLA10,20231205,PIR,442
BLA10,20231205,PIR,444
BLA10,20231205,PIR,450
BLA10,20231205,PIR,456
BLA10,20231205,PIR,458
BLA10,20231205,PIR,460
BLA10,20231205,PIR,462
BLA10,20231205,PIR,463
BLA10,20231206,PrH,4
BLA10,20231206,PrH,7
BLA10,20231206,ENDO,13
BLA10,20231206,WHITE,18
BLA10,20231206,WHITE,19
BLA10,20231206,WHITE,20
BLA10,20231206,WHITE,29
BLA10,20231206,WHITE,31
BLA10,20231206,WHITE,32
BLA10,20231206,INS,41
BLA10,20231206,INS,43
BLA10,20231206,INS,48
BLA10,20231206,INS,49
BLA10,20231206,INS,51
BLA10,20231206,INS,52
BLA10,20231206,INS,54
BLA10,20231206,INS,57
BLA10,20231206,INS,58
BLA10,20231206,INS,59
BLA10,20231206,INS,62
BLA10,20231206,INS,64
BLA10,20231206,INS,66
BLA10,20231206,INS,68
BLA10,20231206,INS,72
BLA10,20231206,INS,79
BLA10,20231206,INS,80
BLA10,20231206,CPU,86
BLA10,20231206,CPU,100
BLA10,20231206,CPU,103
BLA10,20231206,CPU,104
BLA10,20231206,CPU,107
BLA10,20231206,WHITE,114
BLA10,20231206,WHITE,115
BLA10,20231206,INS,127
BLA10,20231206,INS,133
BLA10,20231206,INS,135
BLA10,20231206,INS,136
BLA10,20231206,INS,138
BLA10,20231206,INS,140
BLA10,20231206,INS,142
BLA10,20231206,INS,145
BLA10,20231206,INS,146
BLA10,20231206,CPU,149
BLA10,20231206,CPU,150
BLA10,20231206,CPU,151
BLA10,20231206,CPU,152
BLA10,20231206,CPU,153
BLA10,20231206,CPU,154
BLA10,20231206,WHITE,155
BLA10,20231206,WHITE,156
BLA10,20231206,INS,159
BLA10,20231206,INS,162
BLA10,20231206,INS,164
BLA10,20231206,INS,165
BLA10,20231206,INS,166
BLA10,20231206,CPU,169
BLA10,20231206,INS,170
BLA10,20231206,INS,171
BLA10,20231206,INS,172
BLA10,20231206,INS,174
BLA10,20231206,WHITE,175
BLA10,20231206,INS,181
BLA10,20231206,CPU,187
BLA10,20231206,INS,189
BLA06,20240208,LA,1
BLA06,20240208,LA,4
BLA06,20240208,LA,5
BLA06,20240208,LA,6
BLA06,20240208,LA,7
BLA06,20240208,LA,9
BLA06,20240208,LA,11
BLA06,20240208,LA,12
BLA06,20240208,LA,13
BLA06,20240208,LA,15
BLA06,20240208,LA,16
BLA06,20240208,LA,17
BLA06,20240208,LA,21
BLA06,20240208,LA,23
BLA06,20240208,LA,27
BLA06,20240208,LA,28
BLA06,20240208,LA,29
BLA06,20240208,LA,31
BLA06,20240208,LA,36
BLA06,20240208,LA,40
BLA06,20240208,LA,41
BLA06,20240208,LA,45
BLA06,20240208,LA,46
BLA06,20240208,LA,47
BLA06,20240208,LA,48
BLA06,20240208,LA,53
BLA06,20240208,CPU,63
BLA06,20240208,CPU,69
BLA06,20240208,CPU,71
BLA06,20240208,LA,72
BLA06,20240208,LA,73
BLA06,20240208,LA,74
BLA06,20240208,LA,75
BLA06,20240208,LA,78
BLA06,20240208,LA,79
BLA06,20240208,CPU,82
BLA06,20240208,CPU,83
BLA06,20240208,CPU,85
BLA06,20240208,CPU,86
BLA06,20240208,CPU,89
BLA06,20240208,CPU,90
BLA06,20240208,BLA,95
BLA06,20240208,BLA,97
BLA06,20240208,BLA,101
BLA06,20240208,LA,104
BLA06,20240208,LA,105
BLA06,20240208,LA,108
BLA06,20240208,LA,109
BLA06,20240208,BLA,114
BLA06,20240208,BLA,117
BLA06,20240208,BLA,118
BLA06,20240208,BLA,122
BLA06,20240208,BLA,124
BLA06,20240208,BLA,127
BLA06,20240208,BLA,128
BLA06,20240208,BLA,131
BLA06,20240208,BLA,133
BLA06,20240208,BLA,136
BLA06,20240208,BLA,138
BLA06,20240208,BLA,141
BLA06,20240208,LA,144
BLA06,20240208,LA,146
BLA06,20240208,LA,148
BLA06,20240208,LA,149
BLA06,20240208,LA,152
BLA06,20240208,LA,153
BLA06,20240208,LA,155
BLA06,20240208,LA,156
BLA06,20240208,LA,160
BLA06,20240208,LA,161
BLA06,20240208,LA,162
BLA06,20240208,LA,165
BLA06,20240208,LA,167
BLA06,20240208,LA,168
BLA06,20240208,LA,170
BLA06,20240208,LA,171
BLA06,20240208,LA,175
BLA06,20240208,LA,176
BLA06,20240208,LA,177
BLA06,20240208,LA,180
BLA06,20240208,LA,184
BLA06,20240208,LA,185
BLA06,20240208,LA,187
BLA06,20240208,LA,188
BLA06,20240208,LA,191
BLA06,20240208,LA,192
BLA06,20240208,LA,194
BLA06,20240208,LA,195
BLA06,20240208,LA,196
BLA06,20240208,LA,198
BLA06,20240208,LA,199
BLA06,20240208,LA,200
BLA06,20240208,LA,201
BLA06,20240208,LA,204
BLA06,20240208,LA,211
BLA06,20240208,LA,214
BLA06,20240208,LA,215
BLA06,20240208,LA,219
BLA06,20240208,LA,220
BLA06,20240208,LA,222
BLA06,20240208,LA,224
BLA06,20240208,LA,225
BLA06,20240208,LA,226
BLA06,20240208,LA,227
BLA06,20240208,LA,228
BLA06,20240208,LA,230
BLA06,20240208,LA,231
BLA06,20240208,LA,232
BLA06,20240208,LA,234
BLA06,20240208,LA,235
BLA06,20240208,LA,237
BLA06,20240208,LA,238
BLA06,20240208,LA,240
BLA06,20240208,LA,241
BLA06,20240208,LA,242
BLA06,20240208,LA,243
BLA06,20240208,LA,244
BLA06,20240208,LA,246
BLA06,20240208,LA,248
BLA06,20240208,LA,249
BLA06,20240208,LA,250
BLA06,20240208,LA,251
BLA06,20240208,LA,257
BLA06,20240208,CPU,258
BLA06,20240208,CPU,259
BLA06,20240208,CPU,260
BLA06,20240208,BLA,261
BLA06,20240208,BLA,262
BLA06,20240208,LA,264
BLA06,20240208,LA,267
BLA06,20240208,BLA,268
BLA06,20240208,BLA,271
BLA06,20240208,BLA,272
BLA06,20240208,BLA,276
BLA06,20240208,BLA,277
BLA06,20240208,BLA,278
BLA06,20240208,LA,282
BLA06,20240208,LA,283
BLA06,20240208,LA,285
BLA06,20240208,LA,288
BLA06,20240208,LA,292
BLA06,20240208,LA,293
BLA06,20240208,LA,296
BLA06,20240208,LA,297
BLA06,20240208,LA,298
BLA06,20240208,LA,299
BLA06,20240208,LA,302
BLA06,20240208,LA,303
BLA06,20240208,LA,308
BLA06,20240208,LA,309
BLA06,20240208,LA,310
BLA06,20240208,LA,311
BLA06,20240208,LA,314
BLA06,20240208,LA,315
BLA06,20240208,LA,316
BLA06,20240208,CPU,319
BLA06,20240208,BLA,321
BLA06,20240208,BLA,323
BLA06,20240208,BLA,324
BLA06,20240208,BLA,325
BLA06,20240208,LA,328
BLA06,20240208,LA,329
BLA06,20240208,LA,334
BLA06,20240208,LA,336
BLA06,20240208,BLA,344
BLA06,20240208,CPU,349
BLA06,20240208,CPU,351
BLA06,20240208,LA,352
BLA06,20240208,LA,356
BLA06,20240208,BLA,358
BLA06,20240208,CPU,360
BLA06,20240208,LA,362
BLA06,20240208,LA,364
BLA06,20240208,BLA,366
BLA11,20240209,ENDO,0
BLA11,20240209,ENDO,2
BLA11,20240209,ENDO,5
BLA11,20240209,ENDO,7
BLA11,20240209,ENDO,8
BLA11,20240209,CPU,11
BLA11,20240209,CPU,12
BLA11,20240209,CPU,13
BLA11,20240209,CPU,14
BLA11,20240209,ENDO,24
BLA11,20240209,ENDO,27
BLA11,20240209,CPU,30
BLA11,20240209,BLA,34
BLA11,20240209,ENDO,42
BLA11,20240209,LA,47
BLA11,20240209,LA,48
BLA11,20240209,LA,51
BLA11,20240209,LA,52
BLA11,20240209,LA,56
BLA11,20240209,LA,60
BLA11,20240209,CPU,67
BLA11,20240209,CPU,69
BLA11,20240209,CPU,75
BLA11,20240209,CPU,78
BLA11,20240209,ENDO,79
BLA11,20240209,CPU,80
BLA11,20240209,ENDO,81
BLA11,20240209,ENDO,82
BLA11,20240209,ENDO,83
BLA11,20240209,ENDO,84
BLA11,20240209,BLA,87
BLA11,20240209,BLA,89
BLA11,20240209,BLA,90
BLA11,20240209,LA,93
BLA11,20240209,LA,94
BLA11,20240209,CPU,95
BLA11,20240209,ENDO,96
BLA12,20240229,ENDO,0
BLA12,20240229,ENDO,3
BLA12,20240229,ENDO,4
BLA12,20240229,ENDO,5
BLA12,20240229,ENDO,6
BLA12,20240229,ENDO,11
BLA12,20240229,ENDO,12
BLA12,20240229,ENDO,13
BLA12,20240229,ENDO,14
BLA12,20240229,ENDO,26
BLA12,20240229,ENDO,29
BLA12,20240229,ENDO,30
BLA12,20240229,ENDO,39
BLA12,20240229,ENDO,41
BLA12,20240229,ENDO,44
BLA12,20240229,ENDO,45
BLA12,20240229,ENDO,46
BLA12,20240229,ENDO,48
BLA12,20240229,ENDO,50
BLA12,20240229,ENDO,52
BLA12,20240229,ENDO,53
BLA12,20240229,ENDO,56
BLA12,20240229,ENDO,58
BLA12,20240229,ENDO,62
BLA12,20240229,ENDO,71
BLA12,20240229,ENDO,76
BLA12,20240229,ENDO,79
BLA12,20240229,ENDO,80
BLA12,20240229,ENDO,88
BLA12,20240229,ENDO,89
BLA12,20240229,ENDO,91
BLA12,20240229,ENDO,92
BLA12,20240229,ENDO,97
BLA12,20240229,ENDO,98
BLA12,20240229,ENDO,101
BLA12,20240229,ENDO,104
BLA12,20240229,BLA,107
BLA12,20240229,BLA,108
BLA12,20240229,BLA,110
BLA12,20240229,BLA,112
BLA12,20240229,BLA,118
BLA12,20240229,BLA,119
BLA12,20240229,BLA,122
BLA12,20240229,BLA,123
BLA12,20240229,BLA,125
BLA12,20240229,BLA,130
BLA12,20240229,ENDO,133
BLA12,20240229,BLA,134
BLA12,20240229,BLA,135
BLA12,20240229,BLA,136
BLA12,20240229,BLA,137
BLA12,20240229,BLA,140
BLA12,20240229,BLA,142
BLA12,20240229,BLA,144
BLA12,20240229,BLA,146
BLA12,20240229,BLA,150
BLA12,20240229,BLA,151
BLA12,20240229,BLA,155
BLA12,20240229,BLA,156
BLA12,20240229,BLA,157
BLA12,20240229,ENDO,167
BLA12,20240229,ENDO,168
BLA12,20240229,ENDO,178
BLA12,20240229,ENDO,179
BLA12,20240229,ENDO,182
BLA12,20240229,ENDO,183
BLA12,20240229,ENDO,184
BLA12,20240229,ENDO,186
BLA12,20240229,ENDO,188
BLA12,20240229,ENDO,189
BLA12,20240229,ENDO,192
BLA12,20240229,ENDO,193
BLA12,20240229,ENDO,194
BLA12,20240229,ENDO,195
BLA12,20240229,ENDO,196
BLA12,20240229,ENDO,201
BLA12,20240229,ENDO,208
BLA12,20240229,ENDO,209
BLA12,20240229,ENDO,210
BLA12,20240229,ENDO,212
BLA12,20240229,ENDO,213
BLA12,20240229,ENDO,215
BLA12,20240229,ENDO,217
BLA12,20240229,ENDO,220
BLA12,20240229,ENDO,221
BLA12,20240229,ENDO,222
BLA12,20240229,ENDO,223
BLA12,20240229,ENDO,225
BLA12,20240229,ENDO,227
BLA12,20240229,BLA,231
BLA12,20240229,BLA,237
BLA12,20240229,BLA,238
BLA12,20240229,ENDO,251
BLA12,20240229,ENDO,260
BLA12,20240229,ENDO,265
BLA12,20240229,ENDO,275
BLA12,20240229,ENDO,284
BLA12,20240229,ENDO,286
BLA12,20240229,ENDO,299
BLA12,20240229,ENDO,301
BLA12,20240229,ENDO,307
BLA12,20240229,ENDO,309
BLA12,20240229,ENDO,313
BLA12,20240229,ENDO,317
BLA12,20240229,ENDO,318
BLA12,20240229,ENDO,319
BLA12,20240229,ENDO,321
BLA12,20240229,ENDO,323
BLA12,20240229,ENDO,325
BLA12,20240229,BLA,327
BLA12,20240229,BLA,334
BLA12,20240229,LA,339
BLA12,20240229,LA,340
BLA12,20240229,LA,341
BLA12,20240229,LA,343
BLA12,20240229,LA,344
BLA12,20240229,LA,347
BLA12,20240229,LA,353
BLA12,20240229,LA,358
BLA12,20240229,LA,361
BLA12,20240229,LA,365
BLA12,20240229,ENDO,368
BLA12,20240229,ENDO,372
BLA12,20240229,ENDO,376
BLA12,20240229,ENDO,377
BLA12,20240229,ENDO,385
BLA12,20240229,ENDO,386
BLA12,20240229,ENDO,396
BLA12,20240229,ENDO,404
BLA12,20240229,ENDO,405
BLA12,20240229,ENDO,406
BLA12,20240229,LA,409
BLA12,20240229,LA,413
BLA12,20240229,LA,418
BLA12,20240229,LA,422
BLA12,20240229,ENDO,426
BLA12,20240229,ENDO,428
BLA12,20240229,ENDO,429
BLA12,20240229,ENDO,430
BLA12,20240229,ENDO,431
BLA12,20240229,ENDO,433
BLA12,20240229,ENDO,434
BLA12,20240229,ENDO,436
BLA12,20240229,ENDO,437
BLA12,20240229,ENDO,438
BLA12,20240229,ENDO,442
BLA12,20240229,BLA,443
BLA12,20240229,BLA,444
BLA12,20240229,BLA,446
BLA12,20240229,ENDO,448
BLA12,20240229,BLA,451
BLA12,20240229,BLA,452
BLA12,20240229,BLA,453
BLA12,20240229,ENDO,455
BLA12,20240229,ENDO,456
BLA12,20240229,ENDO,458
BLA12,20240229,ENDO,462
BLA12,20240229,ENDO,463
BLA12,20240229,BLA,464
BLA12,20240229,ENDO,465
BLA12,20240229,ENDO,466
BLA12,20240229,ENDO,468
BLA12,20240229,ENDO,470
BLA12,20240229,ENDO,473
BLA12,20240229,ENDO,476
BLA12,20240229,ENDO,477
BLA12,20240229,ENDO,478
BLA12,20240229,ENDO,482
BLA12,20240229,ENDO,483
BLA12,20240229,ENDO,485
BLA12,20240229,LA,486
BLA12,20240229,LA,487
BLA12,20240229,LA,488
BLA12,20240229,ENDO,493
BLA12,20240229,ENDO,495
BLA12,20240229,LA,499
BLA12,20240229,ENDO,500
BLA12,20240229,ENDO,502
BLA12,20240229,ENDO,503
BLA12,20240229,ENDO,508
BLA12,20240229,ENDO,509
BLA12,20240229,ENDO,510
BLA12,20240229,ENDO,513
BLA12,20240229,ENDO,520
BLA12,20240229,LA,523
BLA12,20240229,ENDO,524
BLA12,20240229,LA,526
BLA12,20240229,ENDO,528
BLA12,20240229,ENDO,530
BLA12,20240229,ENDO,531
BLA12,20240229,BLA,532
BLA12,20240229,BLA,533
BLA12,20240229,BLA,534
BLA12,20240229,ENDO,535
BLA12,20240229,ENDO,536
BLA12,20240229,ENDO,537
BLA12,20240229,ENDO,539
BLA12,20240229,ENDO,540
BLA12,20240229,ENDO,542
BLA13,20240229,ENDO,0
BLA13,20240229,ENDO,3
BLA13,20240229,ENDO,4
BLA13,20240229,ENDO,5
BLA13,20240229,ENDO,6
BLA13,20240229,ENDO,13
BLA13,20240229,ENDO,15
BLA13,20240229,ENDO,18
BLA13,20240229,ENDO,21
BLA13,20240229,ENDO,23
BLA13,20240229,ENDO,24
BLA13,20240229,ENDO,34
BLA13,20240229,ENDO,36
BLA13,20240229,ENDO,38
BLA13,20240229,ENDO,39
BLA13,20240229,ENDO,41
BLA13,20240229,ENDO,42
BLA13,20240229,ENDO,53
BLA13,20240229,ENDO,65
BLA13,20240229,ENDO,66
BLA13,20240229,ENDO,74
BLA13,20240229,ENDO,75
BLA13,20240229,ENDO,76
BLA13,20240229,ENDO,77
BLA13,20240229,ENDO,78
BLA13,20240229,ENDO,79
BLA13,20240229,ENDO,82
BLA13,20240229,ENDO,93
BLA13,20240229,ENDO,97
BLA13,20240229,ENDO,100
BLA13,20240229,ENDO,106
BLA13,20240229,ENDO,107
BLA13,20240229,ENDO,108
BLA13,20240229,ENDO,111
BLA13,20240229,ENDO,113
BLA13,20240229,ENDO,114
BLA13,20240229,ENDO,116
BLA13,20240229,ENDO,121
BLA13,20240229,ENDO,122
BLA13,20240229,ENDO,127
BLA13,20240229,ENDO,131
BLA13,20240229,ENDO,132
BLA13,20240229,ENDO,133
BLA13,20240229,ENDO,134
BLA13,20240229,ENDO,135
BLA13,20240229,ENDO,138
BLA13,20240229,ENDO,144
BLA13,20240229,ENDO,145
BLA13,20240229,ENDO,147
BLA13,20240229,ENDO,149
BLA13,20240229,ENDO,151
BLA13,20240229,ENDO,152
BLA13,20240229,ENDO,153
BLA13,20240229,ENDO,155
BLA13,20240229,ENDO,158
BLA13,20240229,ENDO,160
BLA13,20240229,ENDO,161
BLA13,20240229,ENDO,162
BLA13,20240229,ENDO,164
BLA13,20240229,ENDO,165
BLA13,20240229,ENDO,166
BLA13,20240229,ENDO,168
BLA13,20240229,ENDO,170
BLA13,20240229,ENDO,172
BLA13,20240229,ENDO,174
BLA13,20240229,ENDO,176
BLA13,20240229,ENDO,177
BLA13,20240229,ENDO,178
BLA13,20240229,ENDO,181
BLA13,20240229,ENDO,189
BLA13,20240229,ENDO,191
BLA13,20240229,ENDO,192
BLA13,20240229,ENDO,198
BLA13,20240229,ENDO,199
BLA13,20240229,LA,202
BLA13,20240229,LA,203
BLA13,20240229,LA,204
BLA13,20240229,LA,206
BLA13,20240229,LA,208
BLA13,20240229,LA,211
BLA13,20240229,ENDO,216
BLA13,20240229,ENDO,218
BLA13,20240229,ENDO,219
BLA13,20240229,ENDO,222
BLA13,20240229,ENDO,223
BLA13,20240229,ENDO,224
BLA13,20240229,ENDO,225
BLA13,20240229,ENDO,226
BLA13,20240229,ENDO,227
BLA13,20240229,ENDO,228
BLA13,20240229,ENDO,229
BLA13,20240229,ENDO,230
BLA13,20240229,ENDO,231
BLA13,20240229,ENDO,232
BLA13,20240229,ENDO,234
BLA13,20240229,ENDO,235
BLA13,20240229,ENDO,236
BLA13,20240229,ENDO,238
BLA13,20240229,ENDO,240
BLA13,20240229,ENDO,244
BLA13,20240229,ENDO,249
BLA13,20240229,ENDO,250
BLA13,20240229,ENDO,252
BLA13,20240229,ENDO,253
BLA13,20240229,ENDO,254
BLA13,20240229,ENDO,255
BLA13,20240229,ENDO,256
BLA13,20240229,ENDO,257
BLA13,20240229,ENDO,259
BLA13,20240229,ENDO,260
BLA13,20240229,ENDO,261
BLA13,20240229,ENDO,262
BLA13,20240229,LA,264
BLA13,20240229,LA,265
BLA13,20240229,LA,268
BLA13,20240229,ENDO,270
BLA13,20240229,ENDO,272
BLA13,20240229,ENDO,273
BLA13,20240229,ENDO,274
BLA13,20240229,ENDO,275
BLA13,20240229,ENDO,276
BLA13,20240229,ENDO,277
BLA13,20240229,ENDO,280
BLA13,20240229,ENDO,281
BLA00,20230516,COA,17
BLA00,20230516,COA,30
BLA00,20230516,COA,37
BLA00,20230516,COA,46
BLA00,20230516,COA,47
BLA00,20230516,COA,57
BLA00,20230516,AHiAL,94
BLA00,20230516,AHiAL,105
BLA00,20230516,COA,114
BLA00,20230516,COA,117
BLA00,20230516,COA,120
BLA00,20230516,COA,135
BLA00,20230516,COA,137
BLA00,20230516,COA,162
BLA00,20230516,COA,173
BLA00,20230516,COA,178
BLA00,20230516,COA,180
BLA00,20230516,COA,182
BLA00,20230516,COA,184
BLA00,20230516,AHiAL,187
BLA00,20230516,AHiAL,193
BLA00,20230516,AHiAL,208
BLA00,20230516,AHiAL,211
BLA00,20230516,AHiAL,214
BLA00,20230516,AHiAL,230
BLA00,20230516,AHiAL,232
BLA00,20230516,AHiAL,234
BLA00,20230516,AHiAL,238
BLA00,20230516,AHiAL,240
BLA00,20230516,AHiAL,253
BLA00,20230516,COA,261
BLA00,20230516,COA,263
BLA00,20230516,COA,267
BLA00,20230516,AHiAL,268
BLA00,20230516,AHiAL,269
BLA00,20230516,AHiAL,271
BLA00,20230516,COA,276
BLA00,20230516,COA,277
BLA00,20230516,COA,280
BLA00,20230516,COA,281
BLA00,20230516,COA,282
BLA00,20230516,COA,284
BLA00,20230516,AHiAL,285
BLA00,20230516,AHiAL,287
BLA00,20230516,AHiAL,288
BLA00,20230516,COA,292
BLA00,20230516,COA,293
BLA00,20230516,COA,296
BLA00,20230516,AHiAL,297
BLA00,20230516,COA,300
BLA00,20230516,COA,301
BLA00,20230516,COA,303
BLA00,20230516,AHiAL,310
BLA00,20230516,COA,314
BLA00,20230516,COA,316
BLA00,20230516,COA,322
BLA00,20230516,COA,323
BLA00,20230516,COA,324
BLA00,20230516,COA,326
BLA00,20230516,COA,328
BLA00,20230516,COA,332
BLA00,20230516,COA,334
BLA00,20230516,COA,335
BLA00,20230516,AHiAL,336
BLA00,20230516,COA,337
BLA03,20231012,MEA,3
BLA03,20231012,MEA,5
BLA03,20231012,MEA,6
BLA03,20231012,MEA,10
BLA03,20231012,MEA,20
BLA03,20231012,BNST,23
BLA03,20231012,MEA,29
BLA03,20231012,MEA,32
BLA03,20231012,MEA,37
BLA03,20231012,BNST,44
BLA03,20231012,MEA,50
BLA03,20231012,BNST,52
BLA03,20231012,BNST,54
BLA03,20231012,BNST,56
BLA03,20231012,MEA,57
BLA03,20231012,BNST,58
BLA03,20231012,MEA,59
BLA03,20231012,MEA,63
BLA03,20231012,MEA,65
BLA04,20231025,PIR,2
BLA04,20231025,PIR,11
BLA04,20231025,BLA,13
BLA04,20231025,BLA,14
BLA04,20231025,BLA,19
BLA04,20231025,BLA,22
BLA04,20231025,COA,25
BLA04,20231025,COA,30
BLA04,20231025,COA,39
BLA04,20231025,COA,43
BLA04,20231025,COA,46
BLA04,20231025,COA,48
BLA04,20231025,BLA,49
BLA04,20231025,BLA,52
BLA04,20231025,BLA,56
BLA04,20231025,BLA,58
BLA04,20231025,BLA,63
BLA04,20231025,BLA,64
BLA04,20231025,COA,71
BLA04,20231025,COA,75
BLA04,20231025,COA,76
BLA04,20231025,COA,77
BLA04,20231025,COA,80
BLA04,20231025,COA,81
BLA04,20231025,BLA,84
BLA04,20231025,BLA,86
BLA04,20231025,BLA,87
BLA04,20231025,BLA,88
BLA04,20231025,COA,93
BLA04,20231025,COA,99
BLA04,20231025,COA,105
BLA04,20231025,COA,109
BLA04,20231025,COA,112
BLA04,20231025,COA,114
BLA04,20231025,COA,120
BLA04,20231025,COA,121
BLA04,20231025,COA,124
BLA04,20231025,COA,134
BLA04,20231025,COA,135
BLA04,20231025,COA,141
BLA04,20231025,COA,147
BLA04,20231025,COA,148
BLA04,20231025,COA,156
BLA04,20231025,COA,158
BLA04,20231025,COA,163
BLA04,20231025,COA,167
BLA04,20231025,COA,176
BLA04,20231025,COA,184
BLA04,20231025,COA,187
BLA04,20231025,BLA,196
BLA04,20231025,BLA,197
BLA04,20231025,BLA,202
BLA04,20231025,BLA,204
BLA04,20231025,BLA,205
BLA04,20231025,COA,210
BLA04,20231025,COA,213
BLA04,20231025,COA,214
BLA04,20231025,COA,215
BLA04,20231025,COA,216
BLA04,20231025,COA,219
BLA04,20231025,COA,225
BLA04,20231025,COA,226
BLA04,20231025,PIR,228
BLA04,20231025,BLA,232
BLA04,20231025,BLA,234
BLA04,20231025,BLA,235
BLA04,20231025,BLA,237
BLA04,20231025,COA,241
BLA04,20231025,BLA,244
BLA04,20231025,BLA,248
BLA04,20231025,COA,250
BLA04,20231025,COA,262
BLA04,20231025,PIR,266
BLA04,20231025,COA,268
BLA04,20231025,COA,272
BLA04,20231025,COA,278
BLA04,20231025,COA,280
BLA04,20231025,COA,282
BLA04,20231025,COA,284
BLA04,20231025,BLA,286
BLA04,20231025,COA,290
BLA04,20231025,BLA,292
BLA04,20231025,COA,294
BLA04,20231025,COA,296
BLA04,20231025,BLA,300
BLA04,20231025,BLA,302
BLA04,20231025,COA,303
BLA04,20231025,COA,304
BLA04,20231025,PIR,305
BLA04,20231025,PIR,306
BLA04,20231031,COA,0
BLA04,20231031,COA,11
BLA04,20231031,BLA,13
BLA04,20231031,BLA,22
BLA04,20231031,BLA,30
BLA04,20231031,BLA,35
BLA04,20231031,BLA,40
BLA04,20231031,BLA,42
BLA04,20231031,BLA,53
BLA04,20231031,BLA,56
BLA04,20231031,BLA,57
BLA04,20231031,BLA,60
BLA04,20231031,BLA,68
BLA04,20231031,BLA,72
BLA04,20231031,BLA,79
BLA04,20231031,BLA,80
BLA04,20231031,BLA,81
BLA04,20231031,BLA,85
BLA04,20231031,BLA,89
BLA04,20231031,BLA,91
BLA04,20231031,BLA,92
BLA04,20231031,BLA,94
BLA04,20231031,BLA,96
BLA04,20231031,BLA,98
BLA04,20231031,BLA,99
BLA04,20231031,BLA,107
BLA04,20231031,BLA,119
BLA04,20231031,BLA,120
BLA04,20231031,BLA,124
BLA04,20231031,BLA,125
BLA04,20231031,BLA,126
BLA04,20231031,BLA,127
BLA04,20231031,BLA,129
BLA04,20231031,BLA,130
BLA04,20231031,BLA,132
BLA04,20231031,BLA,133
BLA04,20231031,BLA,136
BLA04,20231031,BLA,137
BLA04,20231031,BLA,140
BLA04,20231031,BLA,141
BLA04,20231031,BLA,152
BLA04,20231031,BLA,153
BLA04,20231031,BLA,155
BLA04,20231031,BLA,158
BLA04,20231031,BLA,161
BLA04,20231031,LA,165
BLA04,20231031,LA,167
BLA04,20231031,LA,172
BLA04,20231031,COA,175
BLA04,20231031,COA,176
BLA04,20231031,BLA,180
BLA04,20231031,BLA,182
BLA04,20231031,BLA,184
BLA04,20231031,BLA,192
BLA04,20231031,BLA,194
BLA04,20231031,BLA,198
BLA04,20231031,BLA,204
BLA04,20231031,BLA,207
BLA04,20231031,LA,212
BLA04,20231031,BLA,216
BLA04,20231031,BLA,217
BLA04,20231031,BLA,223
BLA04,20231031,BLA,225
BLA04,20231031,BLA,233
BLA04,20231031,BLA,235
BLA04,20231031,BLA,236
BLA04,20231031,BLA,237
BLA04,20231031,BLA,240
BLA04,20231031,LA,246
BLA04,20231031,BLA,251
BLA04,20231031,BLA,253
BLA04,20231031,BLA,260
BLA04,20231031,BLA,262
BLA04,20231031,BLA,263
BLA04,20231031,BLA,264
BLA04,20231031,COA,265
BLA04,20231031,BLA,266
BLA04,20231031,BLA,268
BLA07,20231127,PIR,0
BLA07,20231127,PIR,4
BLA07,20231127,PIR,5
BLA07,20231127,PIR,8
BLA07,20231127,PIR,11
BLA07,20231127,PIR,13
BLA07,20231127,PIR,15
BLA07,20231127,PIR,16
BLA07,20231127,PIR,19
BLA07,20231127,PIR,23
BLA07,20231127,PIR,29
BLA07,20231127,PIR,30
BLA07,20231127,PIR,32
BLA07,20231127,PIR,36
BLA07,20231127,PIR,37
BLA07,20231127,PIR,39
BLA07,20231127,PIR,50
BLA07,20231127,PIR,52
BLA07,20231127,PIR,54
BLA07,20231127,PIR,55
BLA07,20231127,PIR,58
BLA07,20231127,ENDO,64
BLA07,20231127,PIR,65
BLA07,20231127,PIR,66
BLA07,20231127,PIR,69
BLA07,20231127,PIR,70
BLA07,20231127,PIR,71
BLA07,20231127,PIR,73
BLA07,20231127,PIR,75
BLA07,20231127,PIR,78
BLA07,20231127,PIR,81
BLA07,20231127,ENDO,86
BLA07,20231127,ENDO,88
BLA07,20231127,ENDO,89
BLA07,20231127,ENDO,90
BLA07,20231127,ENDO,91
BLA07,20231127,ENDO,93
BLA07,20231127,ENDO,97
BLA07,20231127,PIR,104
BLA07,20231127,PIR,110
BLA07,20231127,PIR,112
BLA07,20231127,PIR,113
BLA07,20231127,PIR,115
BLA07,20231127,PIR,116
BLA07,20231127,PIR,117
BLA07,20231127,PIR,123
BLA07,20231127,PIR,124
BLA07,20231127,PIR,125
BLA07,20231127,PIR,126
BLA07,20231127,PIR,128
BLA07,20231127,PIR,129
BLA07,20231127,PIR,130
BLA07,20231127,PIR,131
BLA07,20231127,PIR,132
BLA07,20231127,PIR,133
BLA07,20231127,ENDO,137
BLA07,20231127,ENDO,140
BLA07,20231127,ENDO,141
BLA07,20231127,PIR,143
BLA07,20231127,PIR,145
BLA07,20231127,PIR,148
BLA07,20231127,PIR,149
BLA07,20231127,PIR,151
BLA07,20231127,PIR,152
BLA07,20231127,PIR,153
BLA07,20231127,PIR,154
BLA07,20231127,PIR,155
BLA07,20231127,PIR,158
BLA07,20231127,PIR,159
BLA07,20231127,ENDO,164
BLA07,20231127,ENDO,166
BLA07,20231127,ENDO,167
BLA07,20231127,ENDO,168
BLA07,20231127,ENDO,170
BLA07,20231127,ENDO,172
BLA07,20231127,ENDO,173
BLA07,20231127,ENDO,176
BLA07,20231127,ENDO,177
BLA07,20231127,ENDO,178
BLA07,20231127,ENDO,180
BLA07,20231127,ENDO,182
BLA07,20231127,ENDO,193
BLA07,20231127,ENDO,195
BLA07,20231127,PIR,200
BLA07,20231127,PIR,202
BLA07,20231127,PIR,203
BLA07,20231127,PIR,204
BLA07,20231127,PIR,206
BLA07,20231127,PIR,207
BLA07,20231127,PIR,208
BLA07,20231127,PIR,209
BLA07,20231127,PIR,210
BLA07,20231127,PIR,211
BLA07,20231127,PIR,214
BLA07,20231127,PIR,215
BLA07,20231127,PIR,217
BLA07,20231127,PIR,218
BLA07,20231127,PIR,219
BLA07,20231127,PIR,221
BLA07,20231127,PIR,222
BLA07,20231127,PIR,223
BLA07,20231127,PIR,226
BLA07,20231127,PIR,227
BLA07,20231127,PIR,229
BLA07,20231127,PIR,231
BLA07,20231127,PIR,234
BLA07,20231127,PIR,235
BLA07,20231127,PIR,237
BLA07,20231127,ENDO,238
BLA07,20231127,PIR,243
BLA07,20231127,PIR,247
BLA07,20231127,PIR,249
BLA07,20231127,PIR,250
BLA07,20231127,ENDO,251
BLA07,20231127,PIR,253
BLA07,20231127,PIR,256
BLA07,20231127,PIR,257
BLA07,20231127,PIR,258
BLA07,20231127,PIR,260
BLA07,20231127,ENDO,262
BLA07,20231127,ENDO,263
BLA07,20231127,ENDO,265
BLA07,20231127,ENDO,266
BLA07,20231127,ENDO,267
BLA07,20231127,ENDO,269
BLA07,20231127,ENDO,272
BLA07,20231127,ENDO,273
BLA07,20231127,ENDO,275
BLA07,20231127,ENDO,276
BLA07,20231127,ENDO,278
BLA07,20231127,PIR,280
BLA07,20231127,PIR,281
BLA07,20231127,PIR,282
BLA07,20231127,PIR,284
BLA07,20231127,PIR,285
BLA07,20231127,PIR,287
BLA07,20231127,PIR,288
BLA07,20231127,PIR,290
BLA07,20231127,ENDO,291
BLA07,20231127,ENDO,292
BLA07,20231127,PIR,293
BLA07,20231127,PIR,294
BLA07,20231127,PIR,295
BLA07,20231127,PIR,296
BLA07,20231127,ENDO,299
BLA07,20231127,ENDO,301
BLA07,20231127,ENDO,303
BLA07,20231127,PIR,304
BLA07,20231127,PIR,305
BLA07,20231127,PIR,308
BLA07,20231127,PIR,312
BLA07,20231127,PIR,313
BLA07,20231127,PIR,320
BLA07,20231127,PIR,322
BLA07,20231127,PIR,323
BLA07,20231127,PIR,324
BLA07,20231127,PIR,326
BLA07,20231127,PIR,327
BLA07,20231127,PIR,328
BLA07,20231127,PIR,330
BLA07,20231127,PIR,331
BLA07,20231127,PIR,332
BLA07,20231127,PIR,334
BLA09,20231110,PIR,13
BLA09,20231110,PIR,14
BLA09,20231110,PIR,15
BLA09,20231110,PIR,16
BLA09,20231110,ENDO,20
BLA09,20231110,ENDO,21
BLA09,20231110,PIR,28
BLA09,20231110,PIR,29
BLA09,20231110,PIR,31
BLA09,20231110,PIR,36
BLA09,20231110,PIR,37
BLA09,20231110,PIR,41
BLA09,20231110,PIR,49
BLA09,20231110,ENDO,58
BLA09,20231110,ENDO,61
BLA09,20231110,ENDO,65
BLA09,20231110,ENDO,66
BLA09,20231110,ENDO,67
BLA09,20231110,ENDO,68
BLA09,20231110,ENDO,70
BLA09,20231110,PIR,78
BLA09,20231110,PIR,79
BLA09,20231110,PIR,81
BLA09,20231110,PIR,83
BLA09,20231110,PIR,89
BLA09,20231110,PIR,90
BLA09,20231110,PIR,91
BLA09,20231110,PIR,92
BLA09,20231110,PIR,93
BLA09,20231110,PIR,94
BLA09,20231110,PIR,96
BLA09,20231110,PIR,97
BLA09,20231110,PIR,99
BLA09,20231110,PIR,114
BLA09,20231110,PIR,115
BLA09,20231110,PIR,130
BLA09,20231110,PIR,131
BLA09,20231110,PIR,133
BLA09,20231110,PIR,134
BLA09,20231110,PIR,135
BLA09,20231110,PIR,138
BLA09,20231110,PIR,139
BLA09,20231110,PIR,140
BLA09,20231110,PIR,141
BLA09,20231110,PIR,146
BLA09,20231110,PIR,147
BLA09,20231110,PIR,148
BLA09,20231110,PIR,149
BLA09,20231110,PIR,150
BLA09,20231110,PIR,151
BLA09,20231110,PIR,152
BLA09,20231110,PIR,157
BLA09,20231110,PIR,158
BLA09,20231110,PIR,159
BLA09,20231110,PIR,162
BLA09,20231110,PIR,167
BLA09,20231110,PIR,170
BLA09,20231110,PIR,171
BLA09,20231110,PIR,172
BLA09,20231110,PIR,177
BLA09,20231110,PIR,179
BLA09,20231110,PIR,181
BLA09,20231110,PIR,182
BLA09,20231110,PIR,183
BLA09,20231110,PIR,184
BLA09,20231110,PIR,185
BLA09,20231110,PIR,189
BLA09,20231110,PIR,191
BLA09,20231110,PIR,192
BLA09,20231110,PIR,193
BLA09,20231110,PIR,202
BLA09,20231110,PIR,203
BLA09,20231110,PIR,205
BLA09,20231110,PIR,208
BLA09,20231110,ENDO,211
BLA09,20231110,ENDO,214
BLA09,20231110,ENDO,216
BLA09,20231110,ENDO,218
BLA09,20231110,ENDO,223
BLA09,20231110,ENDO,227
BLA09,20231110,ENDO,228
BLA09,20231110,ENDO,229
BLA09,20231110,PIR,233
BLA09,20231110,PIR,234
BLA09,20231110,PIR,235
BLA09,20231110,PIR,238
BLA09,20231110,PIR,240
BLA09,20231110,PIR,241
BLA09,20231110,PIR,245
BLA09,20231110,PIR,246
BLA09,20231110,PIR,247
BLA09,20231110,PIR,249
BLA09,20231110,PIR,250
BLA09,20231110,PIR,251
BLA09,20231110,PIR,252
BLA09,20231110,PIR,254
BLA09,20231110,PIR,256
BLA09,20231110,PIR,261
BLA09,20231110,PIR,266
BLA09,20231110,ENDO,268
BLA09,20231110,PIR,270
BLA09,20231110,PIR,271
BLA09,20231110,PIR,272
BLA09,20231110,PIR,273
BLA09,20231110,PIR,275
BLA09,20231110,PIR,276
BLA09,20231110,PIR,277
BLA09,20231110,PIR,278
BLA09,20231110,PIR,280
BLA09,20231110,ENDO,282
BLA09,20231110,ENDO,285
BLA09,20231110,ENDO,286
BLA09,20231110,ENDO,287
BLA09,20231110,PIR,291
BLA09,20231110,PIR,292
BLA09,20231110,PIR,293
BLA09,20231110,PIR,294
BLA09,20231110,PIR,296
BLA09,20231110,PIR,297
BLA09,20231110,PIR,298
BLA09,20231110,PIR,299
BLA09,20231110,PIR,300
BLA09,20231110,PIR,301
BLA09,20231110,PIR,302
BLA09,20231110,PIR,303
BLA09,20231110,PIR,304
BLA09,20231110,PIR,305
BLA09,20231110,PIR,307
BLA09,20231110,PIR,308
BLA09,20231110,PIR,312
BLA09,20231110,PIR,315
BLA09,20231110,PIR,317
BLA09,20231110,PIR,318
BLA09,20231110,PIR,320
BLA09,20231110,PIR,322
BLA09,20231110,PIR,323
BLA09,20231110,PIR,325
BLA09,20231110,PIR,327
BLA09,20231110,PIR,328
BLA09,20231110,PIR,329
BLA09,20231110,PIR,330
BLA09,20231110,PIR,331
BLA09,20231110,PIR,332
BLA09,20231110,PIR,334
BLA09,20231110,PIR,335
BLA09,20231110,PIR,336
BLA09,20231110,PIR,337
BLA09,20231110,PIR,339
BLA09,20231110,ENDO,341
BLA09,20231110,ENDO,342
BLA09,20231110,ENDO,343
BLA09,20231110,ENDO,345
BLA09,20231110,ENDO,346
BLA09,20231110,PIR,347
BLA09,20231110,PIR,348
BLA09,20231110,PIR,349
BLA09,20231110,PIR,350
BLA09,20231110,PIR,351
BLA09,20231110,PIR,352
BLA09,20231110,PIR,356
BLA09,20231110,PIR,358
BLA09,20231110,PIR,360
BLA09,20231110,PIR,363
BLA09,20231110,PIR,365
BLA09,20231110,PIR,367
BLA09,20231110,ENDO,369
BLA09,20231110,PIR,370
BLA09,20231110,PIR,371
BLA09,20231110,PIR,374
BLA09,20231110,PIR,376
BLA09,20231110,PIR,378
BLA09,20231110,PIR,379
BLA09,20231110,PIR,380
BLA09,20231110,PIR,381
BLA09,20231110,PIR,383
BLA09,20231110,PIR,384
BLA09,20231110,PIR,389
BLA09,20231110,PIR,391
BLA09,20231110,PIR,393
BLA09,20231110,PIR,396
BLA09,20231110,PIR,397
BLA09,20231110,PIR,399
BLA09,20231110,PIR,400
BLA09,20231110,ENDO,403
BLA09,20231110,ENDO,420
BLA09,20231110,PIR,427
BLA09,20231110,PIR,431
BLA09,20231110,ENDO,439
BLA09,20231110,PIR,441
BLA09,20231110,PIR,447
BLA09,20231110,ENDO,449
BLA09,20231110,ENDO,455
BLA09,20231110,PIR,457
BLA09,20231110,PIR,461
BLA09,20231110,PIR,463
BLA09,20231110,PIR,465
BLA09,20231110,ENDO,467
BLA09,20231116,ENDO,3
BLA09,20231116,ENDO,23
BLA09,20231116,PrH,33
BLA09,20231116,ENDO,38
BLA09,20231116,ENDO,39
BLA09,20231116,ENDO,41
BLA09,20231116,PrH,44
BLA09,20231116,PrH,46
BLA09,20231116,PIR,49
BLA09,20231116,PIR,50
BLA09,20231116,PIR,51
BLA09,20231116,ENDO,59
BLA09,20231116,INS,60
BLA09,20231116,PIR,63
BLA09,20231116,PIR,64
BLA09,20231116,PIR,65
BLA09,20231116,PIR,66
BLA09,20231116,INS,85
BLA09,20231116,ENDO,96
BLA09,20231116,ENDO,101
BLA09,20231116,ENDO,102
BLA09,20231116,PrH,103
BLA09,20231116,PrH,104
BLA09,20231116,PIR,106
BLA09,20231116,PIR,107
BLA09,20231116,PIR,108
BLA09,20231116,ENDO,109
BLA09,20231116,ENDO,110
BLA09,20231116,PIR,111
BLA09,20231116,PIR,112
BLA09,20231116,ENDO,116
BLA09,20231116,ENDO,117
BLA09,20231116,ENDO,118
BLA09,20231116,PrH,119
BLA09,20231116,PIR,120
BLA09,20231116,PIR,121
BLA09,20231116,PIR,122
BLA09,20231116,PIR,128
BLA09,20231116,ENDO,129
BLA09,20231116,ENDO,133
BLA10,20231207,PIR,0
BLA10,20231207,PIR,5
BLA10,20231207,PIR,6
BLA10,20231207,PIR,8
BLA10,20231207,PIR,9
BLA10,20231207,PIR,10
BLA10,20231207,PIR,11
BLA10,20231207,PIR,12
BLA10,20231207,PIR,14
BLA10,20231207,PIR,17
BLA10,20231207,PIR,19
BLA10,20231207,PIR,20
BLA10,20231207,PIR,26
BLA10,20231207,PIR,29
BLA10,20231207,PIR,31
BLA10,20231207,PIR,35
BLA10,20231207,PIR,37
BLA10,20231207,PIR,41
BLA10,20231207,PIR,44
BLA10,20231207,PIR,50
BLA10,20231207,PIR,55
BLA10,20231207,PIR,57
BLA10,20231207,PIR,59
BLA10,20231207,PIR,60
BLA10,20231207,PIR,61
BLA10,20231207,PIR,63
BLA10,20231207,PIR,66
BLA10,20231207,PIR,68
BLA10,20231207,PIR,69
BLA10,20231207,PIR,70
BLA10,20231207,PIR,71
BLA10,20231207,PIR,73
BLA10,20231207,PIR,74
BLA10,20231207,PIR,75
BLA10,20231207,PIR,76
BLA10,20231207,PIR,77
BLA10,20231207,PIR,83
BLA10,20231207,PIR,84
BLA10,20231207,PIR,87
BLA10,20231207,PIR,89
BLA10,20231207,PIR,90
BLA10,20231207,PIR,91
BLA10,20231207,PIR,93
BLA10,20231207,PIR,97
BLA10,20231207,PIR,103
BLA10,20231207,PIR,104
BLA10,20231207,PIR,105
BLA10,20231207,PIR,106
BLA10,20231207,PIR,111
BLA10,20231207,PIR,116
BLA10,20231207,PIR,117
BLA10,20231207,PIR,118
BLA10,20231207,PIR,122
BLA10,20231207,PIR,132
BLA10,20231207,PIR,133
BLA10,20231207,PIR,139
BLA10,20231207,PIR,141
BLA10,20231207,ENDO,143
BLA10,20231207,ENDO,145
BLA10,20231207,ENDO,147
BLA10,20231207,PIR,151
BLA10,20231207,PIR,154
BLA10,20231207,PIR,155
BLA10,20231207,PIR,156
BLA10,20231207,PIR,157
BLA10,20231207,PIR,159
BLA10,20231207,PIR,161
BLA10,20231207,ENDO,163
BLA10,20231207,ENDO,166
BLA10,20231207,PIR,173
BLA10,20231207,PIR,174
BLA10,20231207,PIR,178
BLA10,20231207,PIR,179
BLA10,20231207,PIR,182
BLA10,20231207,PIR,184
BLA10,20231207,PIR,185
BLA10,20231207,PIR,189
BLA10,20231207,PIR,191
BLA10,20231207,PIR,192
BLA10,20231207,PIR,193
BLA10,20231207,PIR,196
BLA10,20231207,PIR,197
BLA10,20231207,PIR,201
BLA10,20231207,PIR,202
BLA10,20231207,PIR,205
BLA10,20231207,PIR,206
BLA10,20231207,PIR,207
BLA10,20231207,PIR,208
BLA10,20231207,PIR,209
BLA10,20231207,PIR,210
BLA10,20231207,PIR,211
BLA10,20231207,PIR,212
BLA10,20231207,PIR,213
BLA10,20231207,PIR,214
BLA10,20231207,PIR,215
BLA10,20231207,PIR,216
BLA10,20231207,PIR,217
BLA10,20231207,PIR,218
BLA10,20231207,PIR,220
BLA10,20231207,PIR,221
BLA10,20231207,PIR,223
BLA10,20231207,PIR,226
BLA10,20231207,PIR,227
BLA10,20231207,PIR,228
BLA10,20231207,PIR,230
BLA10,20231207,PIR,231
BLA10,20231207,PIR,236
BLA10,20231207,PIR,237
BLA10,20231207,PIR,238
BLA10,20231207,PIR,239
BLA10,20231207,PIR,241
BLA10,20231207,PIR,242
BLA10,20231207,PIR,243
BLA10,20231207,PIR,244
BLA10,20231207,PIR,245
BLA10,20231207,PIR,249
BLA10,20231207,PIR,252
BLA10,20231207,PIR,254
BLA10,20231207,PIR,255
BLA10,20231207,PIR,256
BLA10,20231207,PIR,257
BLA10,20231207,PIR,258
BLA10,20231207,PIR,260
BLA10,20231207,PIR,261
BLA10,20231207,PIR,263
BLA10,20231207,PIR,264
BLA10,20231207,PIR,265
BLA10,20231207,PIR,266
BLA10,20231207,PIR,268
BLA10,20231207,PIR,269
BLA10,20231207,PIR,271
BLA10,20231208,PrH,1
BLA10,20231208,PrH,2
BLA10,20231208,PrH,3
BLA10,20231208,PrH,6
BLA10,20231208,PrH,8
BLA10,20231208,WHITE,15
BLA10,20231208,WHITE,17
BLA10,20231208,WHITE,18
BLA10,20231208,WHITE,25
BLA10,20231208,WHITE,27
BLA10,20231208,WHITE,28
BLA10,20231208,INS,39
BLA10,20231208,INS,40
BLA10,20231208,INS,42
BLA10,20231208,INS,43
BLA10,20231208,CPU,68
BLA10,20231208,CPU,71
BLA10,20231208,CPU,72
BLA10,20231208,CPU,74
BLA10,20231208,CPU,75
BLA10,20231208,CPU,76
BLA10,20231208,CPU,78
BLA10,20231208,PrH,79
BLA10,20231208,PrH,81
BLA10,20231208,PrH,82
BLA10,20231208,PrH,84
BLA10,20231208,WHITE,85
BLA10,20231208,WHITE,86
BLA10,20231208,WHITE,87
BLA10,20231208,INS,88
BLA10,20231208,INS,89
BLA10,20231208,INS,90
BLA10,20231208,INS,94
BLA10,20231208,INS,95
BLA10,20231208,INS,96
BLA10,20231208,INS,97
BLA10,20231208,INS,100
BLA10,20231208,CPU,101
BLA10,20231208,CPU,102
BLA10,20231208,CPU,103
BLA10,20231208,CPU,104
BLA10,20231208,CPU,105
BLA10,20231208,WHITE,106
BLA10,20231208,INS,109
BLA10,20231208,INS,110
BLA10,20231208,CPU,111
BLA10,20231208,CPU,112
BLA10,20231208,ENDO,114
BLA10,20231208,WHITE,117
BLA06,20240209,LA,2
BLA06,20240209,LA,3
BLA06,20240209,LA,5
BLA06,20240209,LA,7
BLA06,20240209,LA,8
BLA06,20240209,LA,9
BLA06,20240209,LA,12
BLA06,20240209,LA,13
BLA06,20240209,LA,14
BLA06,20240209,LA,15
BLA06,20240209,LA,17
BLA06,20240209,LA,21
BLA06,20240209,LA,24
BLA06,20240209,LA,33
BLA06,20240209,LA,35
BLA06,20240209,LA,40
BLA06,20240209,LA,41
BLA06,20240209,LA,42
BLA06,20240209,LA,44
BLA06,20240209,LA,45
BLA06,20240209,LA,47
BLA06,20240209,CPU,67
BLA06,20240209,LA,69
BLA06,20240209,LA,70
BLA06,20240209,LA,71
BLA06,20240209,CPU,74
BLA06,20240209,CPU,76
BLA06,20240209,CPU,79
BLA06,20240209,CPU,81
BLA06,20240209,CPU,82
BLA06,20240209,CPU,86
BLA06,20240209,LA,88
BLA06,20240209,LA,89
BLA06,20240209,LA,90
BLA06,20240209,LA,91
BLA06,20240209,LA,92
BLA06,20240209,LA,94
BLA06,20240209,BLA,96
BLA06,20240209,BLA,97
BLA06,20240209,BLA,98
BLA06,20240209,BLA,101
BLA06,20240209,BLA,104
BLA06,20240209,BLA,109
BLA06,20240209,LA,116
BLA06,20240209,LA,119
BLA06,20240209,LA,120
BLA06,20240209,LA,126
BLA06,20240209,LA,127
BLA06,20240209,LA,129
BLA06,20240209,LA,130
BLA06,20240209,LA,132
BLA06,20240209,LA,134
BLA06,20240209,LA,135
BLA06,20240209,LA,136
BLA06,20240209,LA,153
BLA06,20240209,LA,156
BLA06,20240209,LA,158
BLA06,20240209,LA,162
BLA06,20240209,LA,166
BLA06,20240209,LA,167
BLA06,20240209,LA,168
BLA06,20240209,LA,169
BLA06,20240209,LA,174
BLA06,20240209,LA,178
BLA06,20240209,LA,179
BLA06,20240209,LA,182
BLA06,20240209,LA,183
BLA06,20240209,LA,189
BLA06,20240209,LA,190
BLA06,20240209,LA,194
BLA06,20240209,LA,195
BLA06,20240209,LA,202
BLA06,20240209,LA,204
BLA06,20240209,LA,206
BLA06,20240209,LA,207
BLA06,20240209,LA,209
BLA06,20240209,LA,211
BLA06,20240209,LA,212
BLA06,20240209,LA,213
BLA06,20240209,LA,214
BLA06,20240209,LA,215
BLA06,20240209,LA,216
BLA06,20240209,LA,218
BLA06,20240209,LA,220
BLA06,20240209,CPU,222
BLA06,20240209,CPU,224
BLA06,20240209,LA,229
BLA06,20240209,CPU,230
BLA06,20240209,BLA,237
BLA06,20240209,BLA,239
BLA06,20240209,BLA,241
BLA06,20240209,BLA,243
BLA06,20240209,BLA,246
BLA06,20240209,LA,250
BLA06,20240209,LA,252
BLA06,20240209,LA,253
BLA06,20240209,LA,254
BLA06,20240209,LA,258
BLA06,20240209,LA,260
BLA06,20240209,LA,261
BLA06,20240209,LA,268
BLA06,20240209,LA,269
BLA06,20240209,LA,271
BLA06,20240209,LA,273
BLA06,20240209,LA,277
BLA06,20240209,LA,278
BLA06,20240209,LA,280
BLA06,20240209,LA,281
BLA06,20240209,LA,283
BLA06,20240209,LA,284
BLA06,20240209,LA,285
BLA06,20240209,LA,286
BLA06,20240209,LA,287
BLA06,20240209,CPU,288
BLA06,20240209,CPU,289
BLA06,20240209,CPU,290
BLA06,20240209,BLA,291
BLA06,20240209,BLA,292
BLA06,20240209,BLA,293
BLA06,20240209,BLA,296
BLA06,20240209,LA,299
BLA06,20240209,LA,300
BLA06,20240209,LA,302
BLA06,20240209,LA,303
BLA06,20240209,LA,306
BLA06,20240209,LA,307
BLA06,20240209,LA,312
BLA06,20240209,LA,313
BLA06,20240209,BLA,314
BLA06,20240209,LA,315
BLA06,20240209,LA,316
BLA06,20240209,LA,317
BLA06,20240209,LA,319
BLA06,20240209,LA,321
BLA06,20240209,LA,323
BLA06,20240209,LA,325
BLA11,20240212,ENDO,3
BLA11,20240212,ENDO,5
BLA11,20240212,ENDO,7
BLA11,20240212,CPU,14
BLA11,20240212,CPU,15
BLA11,20240212,CPU,19
BLA11,20240212,CPU,21
BLA11,20240212,ENDO,29
BLA11,20240212,ENDO,33
BLA11,20240212,CPU,42
BLA11,20240212,ENDO,55
BLA11,20240212,LA,72
BLA11,20240212,CPU,83
BLA11,20240212,ENDO,84
BLA11,20240212,CPU,89
BLA11,20240212,ENDO,90
BLA11,20240212,CPU,92
BLA11,20240212,LA,94
BLA11,20240212,LA,96
BLA11,20240212,ENDO,98
BLA11,20240212,CPU,99
BLA11,20240212,LA,100
BLA12,20240301,ENDO,0
BLA12,20240301,ENDO,2
BLA12,20240301,ENDO,3
BLA12,20240301,ENDO,10
BLA12,20240301,ENDO,12
BLA12,20240301,ENDO,15
BLA12,20240301,ENDO,16
BLA12,20240301,ENDO,18
BLA12,20240301,ENDO,20
BLA12,20240301,ENDO,26
BLA12,20240301,ENDO,27
BLA12,20240301,ENDO,32
BLA12,20240301,ENDO,33
BLA12,20240301,ENDO,34
BLA12,20240301,ENDO,39
BLA12,20240301,ENDO,41
BLA12,20240301,ENDO,43
BLA12,20240301,ENDO,44
BLA12,20240301,BLA,47
BLA12,20240301,BLA,49
BLA12,20240301,BLA,52
BLA12,20240301,BLA,59
BLA12,20240301,ENDO,63
BLA12,20240301,BLA,69
BLA12,20240301,BLA,72
BLA12,20240301,BLA,74
BLA12,20240301,BLA,76
BLA12,20240301,BLA,77
BLA12,20240301,ENDO,84
BLA12,20240301,ENDO,89
BLA12,20240301,ENDO,95
BLA12,20240301,ENDO,99
BLA12,20240301,ENDO,101
BLA12,20240301,ENDO,103
BLA12,20240301,ENDO,106
BLA12,20240301,ENDO,109
BLA12,20240301,ENDO,111
BLA12,20240301,BLA,112
BLA12,20240301,BLA,113
BLA12,20240301,ENDO,117
BLA12,20240301,ENDO,120
BLA12,20240301,ENDO,123
BLA12,20240301,ENDO,127
BLA12,20240301,ENDO,128
BLA12,20240301,ENDO,130
BLA12,20240301,ENDO,131
BLA12,20240301,ENDO,132
BLA12,20240301,ENDO,133
BLA12,20240301,ENDO,135
BLA12,20240301,ENDO,137
BLA12,20240301,ENDO,140
BLA12,20240301,ENDO,142
BLA12,20240301,ENDO,143
BLA12,20240301,ENDO,144
BLA12,20240301,ENDO,145
BLA12,20240301,ENDO,146
BLA12,20240301,ENDO,148
BLA12,20240301,BLA,153
BLA12,20240301,LA,156
BLA12,20240301,LA,162
BLA12,20240301,ENDO,173
BLA12,20240301,ENDO,174
BLA12,20240301,ENDO,175
BLA12,20240301,ENDO,178
BLA12,20240301,ENDO,180
BLA12,20240301,ENDO,185
BLA12,20240301,ENDO,186
BLA12,20240301,ENDO,190
BLA12,20240301,ENDO,193
BLA12,20240301,ENDO,194
BLA12,20240301,LA,195
BLA12,20240301,LA,200
BLA12,20240301,LA,202
BLA12,20240301,LA,203
BLA12,20240301,LA,204
BLA12,20240301,ENDO,205
BLA12,20240301,ENDO,207
BLA12,20240301,ENDO,208
BLA12,20240301,ENDO,213
BLA12,20240301,BLA,215
BLA12,20240301,BLA,217
BLA12,20240301,BLA,221
BLA12,20240301,ENDO,224
BLA12,20240301,ENDO,226
BLA12,20240301,BLA,229
BLA12,20240301,ENDO,230
BLA12,20240301,ENDO,231
BLA12,20240301,LA,236
BLA12,20240301,ENDO,239
BLA12,20240301,ENDO,244
BLA12,20240301,ENDO,245
BLA12,20240301,ENDO,246
BLA12,20240301,ENDO,249
BLA12,20240301,ENDO,250
BLA12,20240301,BLA,251
BLA12,20240301,ENDO,253
BLA12,20240301,ENDO,255
BLA12,20240301,ENDO,257
BLA12,20240301,BLA,261
BLA12,20240301,ENDO,263
BLA12,20240301,ENDO,265
BLA12,20240301,BLA,267
BLA12,20240301,ENDO,269
BLA12,20240301,ENDO,272
BLA12,20240301,ENDO,275
BLA12,20240301,BLA,277
BLA12,20240301,ENDO,281
BLA12,20240301,ENDO,283
BLA12,20240301,ENDO,285
BLA12,20240301,BLA,287
BLA12,20240301,ENDO,289
BLA12,20240301,BLA,293
BLA13,20240301,ENDO,0
BLA13,20240301,ENDO,3
BLA13,20240301,ENDO,4
BLA13,20240301,ENDO,8
BLA13,20240301,ENDO,9
BLA13,20240301,ENDO,14
BLA13,20240301,ENDO,15
BLA13,20240301,ENDO,17
BLA13,20240301,ENDO,18
BLA13,20240301,ENDO,19
BLA13,20240301,ENDO,34
BLA13,20240301,ENDO,35
BLA13,20240301,ENDO,36
BLA13,20240301,ENDO,42
BLA13,20240301,ENDO,45
BLA13,20240301,ENDO,47
BLA13,20240301,ENDO,51
BLA13,20240301,ENDO,52
BLA13,20240301,ENDO,59
BLA13,20240301,ENDO,63
BLA13,20240301,ENDO,65
BLA13,20240301,ENDO,70
BLA13,20240301,ENDO,76
BLA13,20240301,ENDO,78
BLA13,20240301,ENDO,79
BLA13,20240301,ENDO,81
BLA13,20240301,ENDO,86
BLA13,20240301,ENDO,89
BLA13,20240301,ENDO,92
BLA13,20240301,ENDO,98
BLA13,20240301,ENDO,100
BLA13,20240301,ENDO,101
BLA13,20240301,ENDO,102
BLA13,20240301,ENDO,103
BLA13,20240301,ENDO,105
BLA13,20240301,ENDO,106
BLA13,20240301,ENDO,107
BLA13,20240301,ENDO,108
BLA13,20240301,ENDO,109
BLA13,20240301,ENDO,111
BLA13,20240301,ENDO,112
BLA13,20240301,ENDO,114
BLA13,20240301,ENDO,115
BLA13,20240301,ENDO,116
BLA13,20240301,ENDO,117
BLA13,20240301,ENDO,118
BLA13,20240301,ENDO,125
BLA13,20240301,ENDO,126
BLA13,20240301,ENDO,127
BLA13,20240301,ENDO,128
BLA13,20240301,ENDO,130
BLA13,20240301,ENDO,132
BLA13,20240301,ENDO,133
BLA13,20240301,ENDO,134
BLA13,20240301,ENDO,135
BLA13,20240301,LA,136
BLA13,20240301,LA,137
BLA13,20240301,ENDO,138
BLA13,20240301,ENDO,139
BLA13,20240301,ENDO,140
BLA13,20240301,ENDO,142
BLA13,20240301,ENDO,143
BLA13,20240301,ENDO,146
BLA13,20240301,ENDO,147
